date_rcd,skc,ie
2018-10-01,100572118316,630
2018-10-02,100572118316,617
2018-10-03,100572118316,600
2018-10-04,100572118316,591
2018-10-05,100572118316,583
2018-10-06,100572118316,572
2018-10-07,100572118316,590
2018-10-01,102572118283,410
2018-10-02,102572118283,403
2018-10-03,102572118283,393
2018-10-04,102572118283,393
2018-10-05,102572118283,383
2018-10-06,102572118283,372
2018-10-07,102572118283,372
2018-10-01,102573321111,472
2018-10-02,102573321111,472
2018-10-03,102573321111,463
2018-10-04,102573321111,458
2018-10-05,102573321111,448
2018-10-06,102573321111,444
2018-10-07,102573321111,461
2018-10-01,102573650748,417
2018-10-02,102573650748,408
2018-10-03,102573650748,400
2018-10-04,102573650748,392
2018-10-05,102573650748,378
2018-10-06,102573650748,378
2018-10-07,102573650748,382
2018-10-01,196573870759,362
2018-10-02,196573870759,356
2018-10-03,196573870759,351
2018-10-04,196573870759,343
2018-10-05,196573870759,338
2018-10-06,196573870759,335
2018-10-07,196573870759,332
2018-10-01,296572114433,407
2018-10-02,296572114433,401
2018-10-03,296572114433,393
2018-10-04,296572114433,380
2018-10-05,296572114433,361
2018-10-06,296572114433,350
2018-10-07,296572114433,348
2018-10-01,296572551749,171
2018-10-02,296572551749,168
2018-10-03,296572551749,160
2018-10-04,296572551749,156
2018-10-05,296572551749,151
2018-10-06,296572551749,152
2018-10-07,296572551749,217
2018-10-01,302572775577,652
2018-10-02,302572775577,641
2018-10-03,302572775577,631
2018-10-04,302572775577,624
2018-10-05,302572775577,611
2018-10-06,302572775577,602
2018-10-07,302572775577,596
2018-10-01,390572118052,329
2018-10-02,390572118052,323
2018-10-03,390572118052,315
2018-10-04,390572118052,314
2018-10-05,390572118052,304
2018-10-06,390572118052,302
2018-10-07,390572118052,299
2018-10-01,391572223674,467
2018-10-02,391572223674,456
2018-10-03,391572223674,440
2018-10-04,391572223674,429
2018-10-05,391572223674,414
2018-10-06,391572223674,415
2018-10-07,391572223674,400
2018-10-01,396572118745,200
2018-10-02,396572118745,195
2018-10-03,396572118745,191
2018-10-04,396572118745,189
2018-10-05,396572118745,180
2018-10-06,396572118745,175
2018-10-07,396572118745,178
2018-10-01,396573870484,395
2018-10-02,396573870484,390
2018-10-03,396573870484,382
2018-10-04,396573870484,378
2018-10-05,396573870484,376
2018-10-06,396573870484,374
2018-10-07,396573870484,372
2018-10-01,396573870660,609
2018-10-02,396573870660,593
2018-10-03,396573870660,579
2018-10-04,396573870660,577
2018-10-05,396573870660,562
2018-10-06,396573870660,549
2018-10-07,396573870660,547
2018-10-01,402573650792,275
2018-10-02,402573650792,273
2018-10-03,402573650792,264
2018-10-04,402573650792,254
2018-10-05,402573650792,249
2018-10-06,402573650792,247
2018-10-07,402573650792,253
2018-10-01,408572660891,852
2018-10-02,408572660891,830
2018-10-03,408572660891,816
2018-10-04,408572660891,805
2018-10-05,408572660891,794
2018-10-06,408572660891,795
2018-10-07,408572660891,790
2018-10-01,433572114917,366
2018-10-02,433572114917,360
2018-10-03,433572114917,347
2018-10-04,433572114917,340
2018-10-05,433572114917,328
2018-10-06,433572114917,321
2018-10-07,433572114917,316
2018-10-01,490572114587,363
2018-10-02,490572114587,353
2018-10-03,490572114587,341
2018-10-04,490572114587,341
2018-10-05,490572114587,333
2018-10-06,490572114587,322
2018-10-07,490572114587,325
2018-10-01,496572117700,311
2018-10-02,496572117700,307
2018-10-03,496572117700,307
2018-10-04,496572117700,302
2018-10-05,496572117700,296
2018-10-06,496572117700,291
2018-10-07,496572117700,289
2018-10-01,496572118514,315
2018-10-02,496572118514,307
2018-10-03,496572118514,301
2018-10-04,496572118514,290
2018-10-05,496572118514,279
2018-10-06,496572118514,277
2018-10-07,496572118514,274
2018-10-01,496572333586,337
2018-10-02,496572333586,331
2018-10-03,496572333586,328
2018-10-04,496572333586,324
2018-10-05,496572333586,318
2018-10-06,496572333586,318
2018-10-07,496572333586,314
2018-10-01,496573321265,266
2018-10-02,496573321265,262
2018-10-03,496573321265,256
2018-10-04,496573321265,249
2018-10-05,496573321265,244
2018-10-06,496573321265,237
2018-10-07,496573321265,248
2018-10-01,499572333179,567
2018-10-02,499572333179,558
2018-10-03,499572333179,549
2018-10-04,499572333179,542
2018-10-05,499572333179,526
2018-10-06,499572333179,521
2018-10-07,499572333179,519
2018-10-01,502573650759,215
2018-10-02,502573650759,211
2018-10-03,502573650759,209
2018-10-04,502573650759,201
2018-10-05,502573650759,187
2018-10-06,502573650759,189
2018-10-07,502573650759,186
2018-10-01,596572118162,114
2018-10-02,596572118162,109
2018-10-03,596572118162,105
2018-10-04,596572118162,103
2018-10-05,596572118162,99
2018-10-06,596572118162,98
2018-10-07,596572118162,102
2018-10-01,596572118723,281
2018-10-02,596572118723,268
2018-10-03,596572118723,263
2018-10-04,596572118723,254
2018-10-05,596572118723,249
2018-10-06,596572118723,241
2018-10-07,596572118723,241
2018-10-01,596573650847,303
2018-10-02,596573650847,287
2018-10-03,596573650847,276
2018-10-04,596573650847,274
2018-10-05,596573650847,255
2018-10-06,596573650847,257
2018-10-07,596573650847,267
2018-10-01,602572551672,300
2018-10-02,602572551672,293
2018-10-03,602572551672,292
2018-10-04,602572551672,293
2018-10-05,602572551672,291
2018-10-06,602572551672,292
2018-10-07,602572551672,291
2018-10-01,608572774763,751
2018-10-02,608572774763,736
2018-10-03,608572774763,719
2018-10-04,608572774763,713
2018-10-05,608572774763,706
2018-10-06,608572774763,704
2018-10-07,608572774763,696
2018-10-01,690572114917,602
2018-10-02,690572114917,586
2018-10-03,690572114917,572
2018-10-04,690572114917,557
2018-10-05,690572114917,543
2018-10-06,690572114917,530
2018-10-07,690572114917,520
2018-10-01,690572118833,258
2018-10-02,690572118833,256
2018-10-03,690572118833,253
2018-10-04,690572118833,254
2018-10-05,690572118833,253
2018-10-06,690572118833,249
2018-10-07,690572118833,251
2018-10-01,696572115379,416
2018-10-02,696572115379,411
2018-10-03,696572115379,402
2018-10-04,696572115379,396
2018-10-05,696572115379,385
2018-10-06,696572115379,378
2018-10-07,696572115379,376
2018-10-01,696572117667,280
2018-10-02,696572117667,275
2018-10-03,696572117667,271
2018-10-04,696572117667,269
2018-10-05,696572117667,259
2018-10-06,696572117667,260
2018-10-07,696572117667,257
2018-10-01,696573650781,131
2018-10-02,696573650781,130
2018-10-03,696573650781,130
2018-10-04,696573650781,125
2018-10-05,696573650781,120
2018-10-06,696573650781,118
2018-10-07,696573650781,118
2018-10-01,702572225797,569
2018-10-02,702572225797,560
2018-10-03,702572225797,544
2018-10-04,702572225797,539
2018-10-05,702572225797,521
2018-10-06,702572225797,516
2018-10-07,702572225797,517
2018-10-01,702573650594,207
2018-10-02,702573650594,204
2018-10-03,702573650594,200
2018-10-04,702573650594,195
2018-10-05,702573650594,187
2018-10-06,702573650594,183
2018-10-07,702573650594,184
2018-10-01,702573870715,422
2018-10-02,702573870715,420
2018-10-03,702573870715,415
2018-10-04,702573870715,412
2018-10-05,702573870715,410
2018-10-06,702573870715,404
2018-10-07,702573870715,401
2018-10-01,702573870858,199
2018-10-02,702573870858,194
2018-10-03,702573870858,191
2018-10-04,702573870858,187
2018-10-05,702573870858,184
2018-10-06,702573870858,183
2018-10-07,702573870858,181
2018-10-01,790572118833,281
2018-10-02,790572118833,279
2018-10-03,790572118833,274
2018-10-04,790572118833,276
2018-10-05,790572118833,275
2018-10-06,790572118833,275
2018-10-07,790572118833,273
2018-10-01,796573650638,714
2018-10-02,796573650638,694
2018-10-03,796573650638,675
2018-10-04,796573650638,664
2018-10-05,796573650638,644
2018-10-06,796573650638,644
2018-10-07,796573650638,641
2018-10-01,802573650495,318
2018-10-02,802573650495,311
2018-10-03,802573650495,303
2018-10-04,802573650495,296
2018-10-05,802573650495,281
2018-10-06,802573650495,275
2018-10-07,802573650495,280
2018-10-01,802573650803,87
2018-10-02,802573650803,83
2018-10-03,802573650803,83
2018-10-04,802573650803,83
2018-10-05,802573650803,80
2018-10-06,802573650803,80
2018-10-07,802573650803,77
2018-10-01,802573870715,242
2018-10-02,802573870715,238
2018-10-03,802573870715,236
2018-10-04,802573870715,236
2018-10-05,802573870715,234
2018-10-06,802573870715,234
2018-10-07,802573870715,234
2018-10-01,890572114477,326
2018-10-02,890572114477,318
2018-10-03,890572114477,313
2018-10-04,890572114477,305
2018-10-05,890572114477,296
2018-10-06,890572114477,290
2018-10-07,890572114477,287
2018-10-01,896572118954,460
2018-10-02,896572118954,443
2018-10-03,896572118954,435
2018-10-04,896572118954,427
2018-10-05,896572118954,425
2018-10-06,896572118954,421
2018-10-07,896572118954,416
2018-10-01,896573870660,275
2018-10-02,896573870660,272
2018-10-03,896573870660,268
2018-10-04,896573870660,265
2018-10-05,896573870660,264
2018-10-06,896573870660,263
2018-10-07,896573870660,259
2018-10-01,902572118613,200
2018-10-02,902572118613,195
2018-10-03,902572118613,187
2018-10-04,902572118613,183
2018-10-05,902572118613,174
2018-10-06,902572118613,175
2018-10-07,902572118613,168
2018-10-01,902573320275,492
2018-10-02,902573320275,477
2018-10-03,902573320275,464
2018-10-04,902573320275,461
2018-10-05,902573320275,442
2018-10-06,902573320275,427
2018-10-07,902573320275,495
2018-10-01,902573870176,206
2018-10-02,902573870176,202
2018-10-03,902573870176,196
2018-10-04,902573870176,190
2018-10-05,902573870176,188
2018-10-06,902573870176,185
2018-10-07,902573870176,183
2018-10-01,996572333025,632
2018-10-02,996572333025,618
2018-10-03,996572333025,614
2018-10-04,996572333025,606
2018-10-05,996572333025,603
2018-10-06,996572333025,595
2018-10-07,996572333025,585
2018-10-01,996573870572,531
2018-10-02,996573870572,524
2018-10-03,996573870572,518
2018-10-04,996573870572,504
2018-10-05,996573870572,486
2018-10-06,996573870572,476
2018-10-07,996573870572,470
2019-10-01,100572118316,147
2019-10-02,100572118316,141
2019-10-03,100572118316,137
2019-10-04,100572118316,181
2019-10-05,100572118316,131
2019-10-06,100572118316,129
2019-10-07,100572118316,164
2019-10-01,102573321111,349
2019-10-02,102573321111,336
2019-10-03,102573321111,325
2019-10-04,102573321111,355
2019-10-05,102573321111,303
2019-10-06,102573321111,296
2019-10-07,102573321111,316
2019-10-01,102573650748,15
2019-10-02,102573650748,14
2019-10-03,102573650748,14
2019-10-04,102573650748,14
2019-10-05,102573650748,13
2019-10-06,102573650748,13
2019-10-07,102573650748,12
2019-10-01,196573870759,17
2019-10-02,196573870759,17
2019-10-03,196573870759,17
2019-10-04,196573870759,16
2019-10-05,196573870759,16
2019-10-06,196573870759,16
2019-10-07,196573870759,16
2019-10-01,296572114433,339
2019-10-02,296572114433,324
2019-10-03,296572114433,314
2019-10-04,296572114433,311
2019-10-05,296572114433,304
2019-10-06,296572114433,302
2019-10-07,296572114433,301
2019-10-01,302572775577,165
2019-10-02,302572775577,164
2019-10-03,302572775577,160
2019-10-04,302572775577,160
2019-10-05,302572775577,157
2019-10-06,302572775577,157
2019-10-07,302572775577,305
2019-10-01,390572118052,41
2019-10-02,390572118052,40
2019-10-03,390572118052,38
2019-10-04,390572118052,37
2019-10-05,390572118052,37
2019-10-06,390572118052,36
2019-10-07,390572118052,34
2019-10-01,391572223674,145
2019-10-02,391572223674,138
2019-10-03,391572223674,131
2019-10-04,391572223674,127
2019-10-05,391572223674,123
2019-10-06,391572223674,116
2019-10-07,391572223674,199
2019-10-01,396573870484,31
2019-10-02,396573870484,31
2019-10-03,396573870484,31
2019-10-04,396573870484,31
2019-10-05,396573870484,31
2019-10-06,396573870484,30
2019-10-07,396573870484,30
2019-10-01,396573870660,168
2019-10-02,396573870660,160
2019-10-03,396573870660,153
2019-10-04,396573870660,150
2019-10-05,396573870660,144
2019-10-06,396573870660,142
2019-10-07,396573870660,144
2019-10-01,402573650792,88
2019-10-02,402573650792,86
2019-10-03,402573650792,86
2019-10-04,402573650792,119
2019-10-05,402573650792,85
2019-10-06,402573650792,85
2019-10-07,402573650792,117
2019-10-01,408572660891,116
2019-10-02,408572660891,116
2019-10-03,408572660891,116
2019-10-04,408572660891,115
2019-10-05,408572660891,109
2019-10-06,408572660891,107
2019-10-07,408572660891,108
2019-10-01,433572114917,213
2019-10-02,433572114917,202
2019-10-03,433572114917,197
2019-10-04,433572114917,270
2019-10-05,433572114917,178
2019-10-06,433572114917,171
2019-10-07,433572114917,232
2019-10-01,490572114587,129
2019-10-02,490572114587,125
2019-10-03,490572114587,123
2019-10-04,490572114587,120
2019-10-05,490572114587,117
2019-10-06,490572114587,117
2019-10-07,490572114587,116
2019-10-01,496572117700,63
2019-10-02,496572117700,63
2019-10-03,496572117700,61
2019-10-04,496572117700,59
2019-10-05,496572117700,57
2019-10-06,496572117700,58
2019-10-07,496572117700,57
2019-10-01,496572118514,32
2019-10-02,496572118514,30
2019-10-03,496572118514,30
2019-10-04,496572118514,30
2019-10-05,496572118514,28
2019-10-06,496572118514,28
2019-10-07,496572118514,27
2019-10-01,496572333586,16
2019-10-02,496572333586,16
2019-10-03,496572333586,16
2019-10-04,496572333586,16
2019-10-05,496572333586,16
2019-10-06,496572333586,14
2019-10-07,496572333586,14
2019-10-01,496573321265,114
2019-10-02,496573321265,111
2019-10-03,496573321265,107
2019-10-04,496573321265,101
2019-10-05,496573321265,97
2019-10-06,496573321265,97
2019-10-07,496573321265,154
2019-10-01,499572333179,111
2019-10-02,499572333179,106
2019-10-03,499572333179,103
2019-10-04,499572333179,299
2019-10-05,499572333179,95
2019-10-06,499572333179,92
2019-10-07,499572333179,291
2019-10-01,502573650759,126
2019-10-02,502573650759,124
2019-10-03,502573650759,119
2019-10-04,502573650759,183
2019-10-05,502573650759,113
2019-10-06,502573650759,111
2019-10-07,502573650759,174
2019-10-01,596572118162,140
2019-10-02,596572118162,134
2019-10-03,596572118162,133
2019-10-04,596572118162,156
2019-10-05,596572118162,123
2019-10-06,596572118162,123
2019-10-07,596572118162,139
2019-10-01,596572118723,64
2019-10-02,596572118723,64
2019-10-03,596572118723,65
2019-10-04,596572118723,63
2019-10-05,596572118723,60
2019-10-06,596572118723,59
2019-10-07,596572118723,145
2019-10-01,596573650847,166
2019-10-02,596573650847,158
2019-10-03,596573650847,154
2019-10-04,596573650847,149
2019-10-05,596573650847,148
2019-10-06,596573650847,146
2019-10-07,596573650847,142
2019-10-01,602572551672,29
2019-10-02,602572551672,29
2019-10-03,602572551672,29
2019-10-04,602572551672,29
2019-10-05,602572551672,29
2019-10-06,602572551672,29
2019-10-07,602572551672,29
2019-10-01,608572774763,163
2019-10-02,608572774763,160
2019-10-03,608572774763,159
2019-10-04,608572774763,156
2019-10-05,608572774763,156
2019-10-06,608572774763,155
2019-10-07,608572774763,152
2019-10-01,690572114917,181
2019-10-02,690572114917,170
2019-10-03,690572114917,165
2019-10-04,690572114917,172
2019-10-05,690572114917,156
2019-10-06,690572114917,156
2019-10-07,690572114917,157
2019-10-01,690572118833,31
2019-10-02,690572118833,31
2019-10-03,690572118833,30
2019-10-04,690572118833,29
2019-10-05,690572118833,28
2019-10-06,690572118833,28
2019-10-07,690572118833,26
2019-10-01,696572115379,140
2019-10-02,696572115379,133
2019-10-03,696572115379,127
2019-10-04,696572115379,122
2019-10-05,696572115379,117
2019-10-06,696572115379,116
2019-10-07,696572115379,111
2019-10-01,696572117667,27
2019-10-02,696572117667,27
2019-10-03,696572117667,26
2019-10-04,696572117667,26
2019-10-05,696572117667,26
2019-10-06,696572117667,26
2019-10-07,696572117667,26
2019-10-01,702572225797,139
2019-10-02,702572225797,135
2019-10-03,702572225797,130
2019-10-04,702572225797,129
2019-10-05,702572225797,125
2019-10-06,702572225797,125
2019-10-07,702572225797,324
2019-10-01,702573650594,97
2019-10-02,702573650594,93
2019-10-03,702573650594,92
2019-10-04,702573650594,116
2019-10-05,702573650594,88
2019-10-06,702573650594,86
2019-10-07,702573650594,113
2019-10-01,702573870715,22
2019-10-02,702573870715,22
2019-10-03,702573870715,21
2019-10-04,702573870715,21
2019-10-05,702573870715,21
2019-10-06,702573870715,21
2019-10-07,702573870715,21
2019-10-01,796573650638,414
2019-10-02,796573650638,397
2019-10-03,796573650638,371
2019-10-04,796573650638,600
2019-10-05,796573650638,338
2019-10-06,796573650638,327
2019-10-07,796573650638,556
2019-10-01,802573650495,110
2019-10-02,802573650495,110
2019-10-03,802573650495,108
2019-10-04,802573650495,115
2019-10-05,802573650495,105
2019-10-06,802573650495,105
2019-10-07,802573650495,112
2019-10-01,802573650803,178
2019-10-02,802573650803,175
2019-10-03,802573650803,172
2019-10-04,802573650803,167
2019-10-05,802573650803,164
2019-10-06,802573650803,161
2019-10-07,802573650803,242
2019-10-01,802573870715,24
2019-10-02,802573870715,23
2019-10-03,802573870715,23
2019-10-04,802573870715,23
2019-10-05,802573870715,23
2019-10-06,802573870715,23
2019-10-07,802573870715,23
2019-10-01,890572114477,48
2019-10-02,890572114477,45
2019-10-03,890572114477,45
2019-10-04,890572114477,45
2019-10-05,890572114477,45
2019-10-06,890572114477,45
2019-10-07,890572114477,45
2019-10-01,902573320275,421
2019-10-02,902573320275,406
2019-10-03,902573320275,389
2019-10-04,902573320275,409
2019-10-05,902573320275,368
2019-10-06,902573320275,355
2019-10-07,902573320275,377
2019-10-01,996572333025,40
2019-10-02,996572333025,40
2019-10-03,996572333025,39
2019-10-04,996572333025,39
2019-10-05,996572333025,38
2019-10-06,996572333025,37
2019-10-07,996572333025,36
2019-10-01,996573870572,105
2019-10-02,996573870572,103
2019-10-03,996573870572,100
2019-10-04,996573870572,100
2019-10-05,996573870572,97
2019-10-06,996573870572,98
2019-10-07,996573870572,99
2018-12-30,100572118316,354
2018-12-31,100572118316,350
2019-01-01,100572118316,365
2018-12-30,102572118283,213
2018-12-31,102572118283,210
2019-01-01,102572118283,218
2018-12-30,102573321111,328
2018-12-31,102573321111,322
2019-01-01,102573321111,325
2018-12-30,102573650748,224
2018-12-31,102573650748,222
2019-01-01,102573650748,220
2018-12-30,196573870759,214
2018-12-31,196573870759,213
2019-01-01,196573870759,213
2018-12-30,296572114433,319
2018-12-31,296572114433,310
2019-01-01,296572114433,364
2018-12-30,296572551749,295
2018-12-31,296572551749,294
2019-01-01,296572551749,311
2018-12-30,302572775577,399
2018-12-31,302572775577,411
2019-01-01,302572775577,430
2018-12-30,390572118052,255
2018-12-31,390572118052,249
2019-01-01,390572118052,243
2018-12-30,391572223674,362
2018-12-31,391572223674,352
2019-01-01,391572223674,351
2018-12-30,396572118745,74
2018-12-31,396572118745,71
2019-01-01,396572118745,69
2018-12-30,396573870484,296
2018-12-31,396573870484,297
2019-01-01,396573870484,297
2018-12-30,396573870660,391
2018-12-31,396573870660,394
2019-01-01,396573870660,445
2018-12-30,402573650792,221
2018-12-31,402573650792,217
2019-01-01,402573650792,209
2018-12-30,408572660891,603
2018-12-31,408572660891,598
2019-01-01,408572660891,595
2018-12-30,433572114917,312
2018-12-31,433572114917,304
2019-01-01,433572114917,289
2018-12-30,490572114587,268
2018-12-31,490572114587,266
2019-01-01,490572114587,270
2018-12-30,496572117700,205
2018-12-31,496572117700,206
2019-01-01,496572117700,202
2018-12-30,496572118514,273
2018-12-31,496572118514,271
2019-01-01,496572118514,270
2018-12-30,496572333586,193
2018-12-31,496572333586,193
2019-01-01,496572333586,192
2018-12-30,496573321265,309
2018-12-31,496573321265,303
2019-01-01,496573321265,300
2018-12-30,499572333179,438
2018-12-31,499572333179,437
2019-01-01,499572333179,436
2018-12-30,502573650759,199
2018-12-31,502573650759,199
2019-01-01,502573650759,200
2018-12-30,596572118162,173
2018-12-31,596572118162,172
2019-01-01,596572118162,163
2018-12-30,596572118723,172
2018-12-31,596572118723,175
2019-01-01,596572118723,265
2018-12-30,596573650847,328
2018-12-31,596573650847,320
2019-01-01,596573650847,322
2018-12-30,602572551672,210
2018-12-31,602572551672,207
2019-01-01,602572551672,204
2018-12-30,608572774763,590
2018-12-31,608572774763,577
2019-01-01,608572774763,608
2018-12-30,690572114917,471
2018-12-31,690572114917,466
2019-01-01,690572114917,554
2018-12-30,690572118833,270
2018-12-31,690572118833,269
2019-01-01,690572118833,269
2018-12-30,696572115379,182
2018-12-31,696572115379,181
2019-01-01,696572115379,189
2018-12-30,696572117667,260
2018-12-31,696572117667,260
2019-01-01,696572117667,259
2018-12-30,696573650781,48
2018-12-31,696573650781,47
2019-01-01,696573650781,47
2018-12-30,702572225797,334
2018-12-31,702572225797,335
2019-01-01,702572225797,337
2018-12-30,702573650594,197
2018-12-31,702573650594,188
2019-01-01,702573650594,183
2018-12-30,702573870715,349
2018-12-31,702573870715,349
2019-01-01,702573870715,356
2018-12-30,702573870858,105
2018-12-31,702573870858,105
2019-01-01,702573870858,105
2018-12-30,790572118833,229
2018-12-31,790572118833,226
2019-01-01,790572118833,222
2018-12-30,796573650638,501
2018-12-31,796573650638,496
2019-01-01,796573650638,654
2018-12-30,802573650495,204
2018-12-31,802573650495,210
2019-01-01,802573650495,219
2018-12-30,802573650803,197
2018-12-31,802573650803,195
2019-01-01,802573650803,198
2018-12-30,802573870715,171
2018-12-31,802573870715,172
2019-01-01,802573870715,169
2018-12-30,890572114477,313
2018-12-31,890572114477,310
2019-01-01,890572114477,309
2018-12-30,896572118954,87
2018-12-31,896572118954,85
2019-01-01,896572118954,85
2018-12-30,896573870660,157
2018-12-31,896573870660,155
2019-01-01,896573870660,154
2018-12-30,902572118613,278
2018-12-31,902572118613,270
2019-01-01,902572118613,274
2018-12-30,902573320275,563
2018-12-31,902573320275,581
2019-01-01,902573320275,601
2018-12-30,902573870176,104
2018-12-31,902573870176,105
2019-01-01,902573870176,105
2018-12-30,996572333025,478
2018-12-31,996572333025,482
2019-01-01,996572333025,476
2018-12-30,996573870572,394
2018-12-31,996573870572,390
2019-01-01,996573870572,400
2018-12-30,100572118316,354
2018-12-31,100572118316,350
2019-01-01,100572118316,365
2018-12-30,102572118283,213
2018-12-31,102572118283,210
2019-01-01,102572118283,218
2018-12-30,102573321111,328
2018-12-31,102573321111,322
2019-01-01,102573321111,325
2018-12-30,102573650748,224
2018-12-31,102573650748,222
2019-01-01,102573650748,220
2018-12-30,196573870759,214
2018-12-31,196573870759,213
2019-01-01,196573870759,213
2018-12-30,296572114433,319
2018-12-31,296572114433,310
2019-01-01,296572114433,364
2018-12-30,296572551749,295
2018-12-31,296572551749,294
2019-01-01,296572551749,311
2018-12-30,302572775577,399
2018-12-31,302572775577,411
2019-01-01,302572775577,430
2018-12-30,390572118052,255
2018-12-31,390572118052,249
2019-01-01,390572118052,243
2018-12-30,391572223674,362
2018-12-31,391572223674,352
2019-01-01,391572223674,351
2018-12-30,396572118745,74
2018-12-31,396572118745,71
2019-01-01,396572118745,69
2018-12-30,396573870484,296
2018-12-31,396573870484,297
2019-01-01,396573870484,297
2018-12-30,396573870660,391
2018-12-31,396573870660,394
2019-01-01,396573870660,445
2018-12-30,402573650792,221
2018-12-31,402573650792,217
2019-01-01,402573650792,209
2018-12-30,408572660891,603
2018-12-31,408572660891,598
2019-01-01,408572660891,595
2018-12-30,433572114917,312
2018-12-31,433572114917,304
2019-01-01,433572114917,289
2018-12-30,490572114587,268
2018-12-31,490572114587,266
2019-01-01,490572114587,270
2018-12-30,496572117700,205
2018-12-31,496572117700,206
2019-01-01,496572117700,202
2018-12-30,496572118514,273
2018-12-31,496572118514,271
2019-01-01,496572118514,270
2018-12-30,496572333586,193
2018-12-31,496572333586,193
2019-01-01,496572333586,192
2018-12-30,496573321265,309
2018-12-31,496573321265,303
2019-01-01,496573321265,300
2018-12-30,499572333179,438
2018-12-31,499572333179,437
2019-01-01,499572333179,436
2018-12-30,502573650759,199
2018-12-31,502573650759,199
2019-01-01,502573650759,200
2018-12-30,596572118162,173
2018-12-31,596572118162,172
2019-01-01,596572118162,163
2018-12-30,596572118723,172
2018-12-31,596572118723,175
2019-01-01,596572118723,265
2018-12-30,596573650847,328
2018-12-31,596573650847,320
2019-01-01,596573650847,322
2018-12-30,602572551672,210
2018-12-31,602572551672,207
2019-01-01,602572551672,204
2018-12-30,608572774763,590
2018-12-31,608572774763,577
2019-01-01,608572774763,608
2018-12-30,690572114917,471
2018-12-31,690572114917,466
2019-01-01,690572114917,554
2018-12-30,690572118833,270
2018-12-31,690572118833,269
2019-01-01,690572118833,269
2018-12-30,696572115379,182
2018-12-31,696572115379,181
2019-01-01,696572115379,189
2018-12-30,696572117667,260
2018-12-31,696572117667,260
2019-01-01,696572117667,259
2018-12-30,696573650781,48
2018-12-31,696573650781,47
2019-01-01,696573650781,47
2018-12-30,702572225797,334
2018-12-31,702572225797,335
2019-01-01,702572225797,337
2018-12-30,702573650594,197
2018-12-31,702573650594,188
2019-01-01,702573650594,183
2018-12-30,702573870715,349
2018-12-31,702573870715,349
2019-01-01,702573870715,356
2018-12-30,702573870858,105
2018-12-31,702573870858,105
2019-01-01,702573870858,105
2018-12-30,790572118833,229
2018-12-31,790572118833,226
2019-01-01,790572118833,222
2018-12-30,796573650638,501
2018-12-31,796573650638,496
2019-01-01,796573650638,654
2018-12-30,802573650495,204
2018-12-31,802573650495,210
2019-01-01,802573650495,219
2018-12-30,802573650803,197
2018-12-31,802573650803,195
2019-01-01,802573650803,198
2018-12-30,802573870715,171
2018-12-31,802573870715,172
2019-01-01,802573870715,169
2018-12-30,890572114477,313
2018-12-31,890572114477,310
2019-01-01,890572114477,309
2018-12-30,896572118954,87
2018-12-31,896572118954,85
2019-01-01,896572118954,85
2018-12-30,896573870660,157
2018-12-31,896573870660,155
2019-01-01,896573870660,154
2018-12-30,902572118613,278
2018-12-31,902572118613,270
2019-01-01,902572118613,274
2018-12-30,902573320275,563
2018-12-31,902573320275,581
2019-01-01,902573320275,601
2018-12-30,902573870176,104
2018-12-31,902573870176,105
2019-01-01,902573870176,105
2018-12-30,996572333025,478
2018-12-31,996572333025,482
2019-01-01,996572333025,476
2018-12-30,996573870572,394
2018-12-31,996573870572,390
2019-01-01,996573870572,400
2018-11-11,100572118316,482
2018-11-11,102572118283,250
2018-11-11,102573321111,373
2018-11-11,102573650748,319
2018-11-11,196573870759,265
2018-11-11,296572114433,276
2018-11-11,296572551749,297
2018-11-11,302572775577,561
2018-11-11,390572118052,231
2018-11-11,391572223674,445
2018-11-11,396572118745,128
2018-11-11,396573870484,348
2018-11-11,396573870660,413
2018-11-11,402573650792,255
2018-11-11,408572660891,684
2018-11-11,433572114917,228
2018-11-11,490572114587,228
2018-11-11,496572117700,282
2018-11-11,496572118514,221
2018-11-11,496572333586,244
2018-11-11,496573321265,206
2018-11-11,499572333179,413
2018-11-11,502573650759,122
2018-11-11,596572118162,187
2018-11-11,596572118723,203
2018-11-11,596573650847,321
2018-11-11,602572551672,278
2018-11-11,608572774763,585
2018-11-11,690572114917,420
2018-11-11,690572118833,242
2018-11-11,696572115379,265
2018-11-11,696572117667,200
2018-11-11,696573650781,87
2018-11-11,702572225797,355
2018-11-11,702573650594,242
2018-11-11,702573870715,355
2018-11-11,702573870858,137
2018-11-11,790572118833,258
2018-11-11,796573650638,474
2018-11-11,802573650495,241
2018-11-11,802573650803,140
2018-11-11,802573870715,204
2018-11-11,890572114477,252
2018-11-11,896572118954,258
2018-11-11,896573870660,192
2018-11-11,902572118613,256
2018-11-11,902573320275,466
2018-11-11,902573870176,134
2018-11-11,996572333025,532
2018-11-11,996573870572,425
2019-11-11,100572118316,107
2019-11-11,102573321111,369
2019-11-11,196573870759,15
2019-11-11,296572114433,185
2019-11-11,302572775577,341
2019-11-11,390572118052,22
2019-11-11,391572223674,206
2019-11-11,396573870484,27
2019-11-11,396573870660,108
2019-11-11,402573650792,103
2019-11-11,408572660891,99
2019-11-11,433572114917,101
2019-11-11,490572114587,68
2019-11-11,496572117700,45
2019-11-11,496572118514,19
2019-11-11,496572333586,11
2019-11-11,496573321265,138
2019-11-11,499572333179,202
2019-11-11,502573650759,126
2019-11-11,596572118162,86
2019-11-11,596572118723,87
2019-11-11,596573650847,362
2019-11-11,602572551672,28
2019-11-11,608572774763,117
2019-11-11,690572114917,203
2019-11-11,690572118833,17
2019-11-11,696572115379,50
2019-11-11,696572117667,21
2019-11-11,702572225797,189
2019-11-11,702573650594,79
2019-11-11,702573870715,17
2019-11-11,796573650638,353
2019-11-11,802573650495,88
2019-11-11,802573650803,175
2019-11-11,802573870715,21
2019-11-11,890572114477,26
2019-11-11,902573320275,389
2019-11-11,996572333025,30
2019-11-11,996573870572,82
2018-12-12,100572118316,367
2018-12-12,102572118283,178
2018-12-12,102573321111,336
2018-12-12,102573650748,266
2018-12-12,196573870759,226
2018-12-12,296572114433,309
2018-12-12,296572551749,322
2018-12-12,302572775577,413
2018-12-12,390572118052,258
2018-12-12,391572223674,296
2018-12-12,396572118745,91
2018-12-12,396573870484,332
2018-12-12,396573870660,419
2018-12-12,402573650792,254
2018-12-12,408572660891,621
2018-12-12,433572114917,353
2018-12-12,490572114587,273
2018-12-12,496572117700,229
2018-12-12,496572118514,226
2018-12-12,496572333586,218
2018-12-12,496573321265,263
2018-12-12,499572333179,426
2018-12-12,502573650759,166
2018-12-12,596572118162,218
2018-12-12,596572118723,226
2018-12-12,596573650847,321
2018-12-12,602572551672,235
2018-12-12,608572774763,578
2018-12-12,690572114917,487
2018-12-12,690572118833,277
2018-12-12,696572115379,192
2018-12-12,696572117667,251
2018-12-12,696573650781,58
2018-12-12,702572225797,241
2018-12-12,702573650594,229
2018-12-12,702573870715,353
2018-12-12,702573870858,117
2018-12-12,790572118833,251
2018-12-12,796573650638,495
2018-12-12,802573650495,244
2018-12-12,802573650803,161
2018-12-12,802573870715,186
2018-12-12,890572114477,161
2018-12-12,896572118954,162
2018-12-12,896573870660,165
2018-12-12,902572118613,275
2018-12-12,902573320275,512
2018-12-12,902573870176,117
2018-12-12,996572333025,502
2018-12-12,996573870572,396
2019-12-12,100572118316,87
2019-12-12,102573321111,627
2019-12-12,196573870759,13
2019-12-12,296572114433,574
2019-12-12,302572775577,236
2019-12-12,390572118052,166
2019-12-12,391572223674,332
2019-12-12,396573870484,27
2019-12-12,396573870660,248
2019-12-12,402573650792,89
2019-12-12,408572660891,91
2019-12-12,433572114917,247
2019-12-12,490572114587,57
2019-12-12,496572117700,32
2019-12-12,496572118514,17
2019-12-12,496573321265,471
2019-12-12,499572333179,220
2019-12-12,502573650759,102
2019-12-12,596572118162,67
2019-12-12,596572118723,50
2019-12-12,596573650847,517
2019-12-12,602572551672,27
2019-12-12,608572774763,297
2019-12-12,690572114917,319
2019-12-12,690572118833,13
2019-12-12,696572115379,209
2019-12-12,696572117667,16
2019-12-12,702572225797,551
2019-12-12,702573650594,67
2019-12-12,702573870715,17
2019-12-12,796573650638,645
2019-12-12,802573650495,80
2019-12-12,802573650803,134
2019-12-12,802573870715,20
2019-12-12,890572114477,202
2019-12-12,902573320275,384
2019-12-12,996572333025,29
2019-12-12,996573870572,78
